INSERT INTO [dbo].[Teacher] ([TeacherID],[BirthYear],[FName],[LName],[Pass],[Ssn],[MobilePhone],[ChildrenNum],[Salary],[FatherName],[BirthCity],[City],[Sex])
VALUES (1,1380,'user1','family1',123000,0441841888,09125555555,1,10,'name14','teh','teh','مرد');
INSERT INTO [dbo].[Teacher] ([TeacherID],[BirthYear],[FName],[LName],[Pass],[Ssn],[MobilePhone],[ChildrenNum],[Salary],[FatherName],[BirthCity],[City],[Sex])
VALUES (2,1380,'user2','family1',123,0441841888,09125555555,1,10,'name13','teh','teh','مرد');
INSERT INTO [dbo].[Teacher] ([TeacherID],[BirthYear],[FName],[LName],[Pass],[Ssn],[MobilePhone],[ChildrenNum],[Salary],[FatherName],[BirthCity],[City],[Sex])
VALUES (3,1380,'user3','family1',123787,0441841888,09125555555,1,11,'name12','teh','teh','زن');
INSERT INTO [dbo].[Teacher] ([TeacherID],[BirthYear],[FName],[LName],[Pass],[Ssn],[MobilePhone],[ChildrenNum],[Salary],[FatherName],[BirthCity],[City],[Sex])
VALUES (4,1380,'user4','family1',1234233,0441841888,09125555555,1,10,'name1','shiraz','teh','مرد');
INSERT INTO [dbo].[Teacher] ([TeacherID],[BirthYear],[FName],[LName],[Pass],[Ssn],[MobilePhone],[ChildrenNum],[Salary],[FatherName],[BirthCity],[City],[Sex])
VALUES (5,1380,'user5','family1',1223433,0441841888,09125555555,2,10,'name21','teh','teh','زن');
INSERT INTO [dbo].[Teacher] ([TeacherID],[BirthYear],[FName],[LName],[Pass],[Ssn],[MobilePhone],[ChildrenNum],[Salary],[FatherName],[BirthCity],[City],[Sex])
VALUES (6,1380,'user6','family1',1213233,0441841888,09125555556,1,5,'name3','teh','esf','زن');
INSERT INTO [dbo].[Teacher] ([TeacherID],[BirthYear],[FName],[LName],[Pass],[Ssn],[MobilePhone],[ChildrenNum],[Salary],[FatherName],[BirthCity],[City],[Sex])
VALUES (7,1380,'user7','family1',12123,0441841888,09125555554,1,17,'name1','teh','teh','مرد');
INSERT INTO [dbo].[Teacher] ([TeacherID],[BirthYear],[FName],[LName],[Pass],[Ssn],[MobilePhone],[ChildrenNum],[Salary],[FatherName],[BirthCity],[City],[Sex])
VALUES (8,1380,'user8','family1',12331,0441841888,09125555553,1,10,'name14','teh','mash','مرد');
INSERT INTO [dbo].[Teacher] ([TeacherID],[BirthYear],[FName],[LName],[Pass],[Ssn],[MobilePhone],[ChildrenNum],[Salary],[FatherName],[BirthCity],[City],[Sex])
VALUES (9,1380,'user9','family1',123131,0441841888,09125555555,5,6,'name7','teh','gil','مرد');
INSERT INTO [dbo].[Teacher] ([TeacherID],[BirthYear],[FName],[LName],[Pass],[Ssn],[MobilePhone],[ChildrenNum],[Salary],[FatherName],[BirthCity],[City],[Sex])
VALUES (10,1380,'user10','family1',123,0441841888,09122555555,1,10,'name1','boosh','teh','زن');
INSERT INTO [dbo].[Teacher] ([TeacherID],[BirthYear],[FName],[LName],[Pass],[Ssn],[MobilePhone],[ChildrenNum],[Salary],[FatherName],[BirthCity],[City],[Sex])
VALUES (11,1380,'user11','family1',123,0441841888,09121555555,6,10,'name1','teh','teh','زن');
INSERT INTO [dbo].[Teacher] ([TeacherID],[BirthYear],[FName],[LName],[Pass],[Ssn],[MobilePhone],[ChildrenNum],[Salary],[FatherName],[BirthCity],[City],[Sex])
VALUES (12,1380,'user12','family1',13,0441841888,09125595555,7,10,'name10','yazd','yazd','زن');
INSERT INTO [dbo].[Teacher] ([TeacherID],[BirthYear],[FName],[LName],[Pass],[Ssn],[MobilePhone],[ChildrenNum],[Salary],[FatherName],[BirthCity],[City],[Sex])
VALUES (13,1380,'user13','family1',1,0441841888,09125555555,2,10,'name11','teh','teh','مرد');
INSERT INTO [dbo].[Teacher] ([TeacherID],[BirthYear],[FName],[LName],[Pass],[Ssn],[MobilePhone],[ChildrenNum],[Salary],[FatherName],[BirthCity],[City],[Sex])
VALUES (14,1380,'user14','family1',123121,0441841888,09125555555,2,2,'name12','teh','teh','زن');
INSERT INTO [dbo].[Teacher] ([TeacherID],[BirthYear],[FName],[LName],[Pass],[Ssn],[MobilePhone],[ChildrenNum],[Salary],[FatherName],[BirthCity],[City],[Sex])
VALUES (15,1380,'user15','family1',12334454,0441841888,09125555555,1,1,'name1','teh','teh','مرد');
INSERT INTO [dbo].[Teacher] ([TeacherID],[BirthYear],[FName],[LName],[Pass],[Ssn],[MobilePhone],[ChildrenNum],[Salary],[FatherName],[BirthCity],[City],[Sex])
VALUES (16,1380,'user16','family1',123456,0441841888,09125555555,1,7,'name13','tabriz','tabriz','مرد');
INSERT INTO [dbo].[Teacher] ([TeacherID],[BirthYear],[FName],[LName],[Pass],[Ssn],[MobilePhone],[ChildrenNum],[Salary],[FatherName],[BirthCity],[City],[Sex])
VALUES (17,1380,'user17','family1',123,0441841888,09125515555,1,10,'name1','teh','teh','مرد');
INSERT INTO [dbo].[Teacher] ([TeacherID],[BirthYear],[FName],[LName],[Pass],[Ssn],[MobilePhone],[ChildrenNum],[Salary],[FatherName],[BirthCity],[City],[Sex])
VALUES (18,1380,'user18','family1',121003,0441841888,09125515555,1,10,'name1','teh','teh','مرد');
INSERT INTO [dbo].[Teacher] ([TeacherID],[BirthYear],[FName],[LName],[Pass],[Ssn],[MobilePhone],[ChildrenNum],[Salary],[FatherName],[BirthCity],[City],[Sex])
VALUES (19,1380,'user19','family1',12993,0441841888,09125555535,1,10,'name1','teh','teh','مرد');
INSERT INTO [dbo].[Teacher] ([TeacherID],[BirthYear],[FName],[LName],[Pass],[Ssn],[MobilePhone],[ChildrenNum],[Salary],[FatherName],[BirthCity],[City],[Sex])
VALUES (20,1380,'user20','family1',12883,0441841888,09125555525,1,10,'name10','teh','teh','زن');
INSERT INTO [dbo].[Teacher] ([TeacherID],[BirthYear],[FName],[LName],[Pass],[Ssn],[MobilePhone],[ChildrenNum],[Salary],[FatherName],[BirthCity],[City],[Sex])
VALUES (21,1380,'user21','family1',12773,0441841888,09125555515,1,10,'name1','teh','teh','مرد');
INSERT INTO [dbo].[Teacher] ([TeacherID],[BirthYear],[FName],[LName],[Pass],[Ssn],[MobilePhone],[ChildrenNum],[Salary],[FatherName],[BirthCity],[City],[Sex])
VALUES (22,1380,'user22','family1',12663,0441841888,09125555565,1,106,'name100','teh','teh','مرد');
INSERT INTO [dbo].[Teacher] ([TeacherID],[BirthYear],[FName],[LName],[Pass],[Ssn],[MobilePhone],[ChildrenNum],[Salary],[FatherName],[BirthCity],[City],[Sex])
VALUES (23,1380,'user23','family1',12553,0441841888,09125555575,1,105,'name111','teh','teh','زن');
INSERT INTO [dbo].[Teacher] ([TeacherID],[BirthYear],[FName],[LName],[Pass],[Ssn],[MobilePhone],[ChildrenNum],[Salary],[FatherName],[BirthCity],[City],[Sex])
VALUES (24,1380,'user24','family1',12443,0441841888,09125555585,1,104,'name123','tabriz','kish','مرد');
INSERT INTO [dbo].[Teacher] ([TeacherID],[BirthYear],[FName],[LName],[Pass],[Ssn],[MobilePhone],[ChildrenNum],[Salary],[FatherName],[BirthCity],[City],[Sex])
VALUES (25,1380,'user25','family1',12333,0441841888,09125555595,1,101,'name178','teh','kish','زن');
INSERT INTO [dbo].[Teacher] ([TeacherID],[BirthYear],[FName],[LName],[Pass],[Ssn],[MobilePhone],[ChildrenNum],[Salary],[FatherName],[BirthCity],[City],[Sex])
VALUES (26,1380,'user26','family1',12113,0441841888,09125555555,1,102,'name1','kish','teh','زن');
INSERT INTO [dbo].[Teacher] ([TeacherID],[BirthYear],[FName],[LName],[Pass],[Ssn],[MobilePhone],[ChildrenNum],[Salary],[FatherName],[BirthCity],[City],[Sex])
VALUES (27,1380,'user27','family1',12223,0441841888,09125555505,1,103,'name1','teh','teh','زن');
INSERT INTO [dbo].[Teacher] ([TeacherID],[FName],[LName],[Pass])
VALUES (28,'user28','family28','001');
INSERT INTO [dbo].[Teacher] ([TeacherID],[FName],[LName],[Pass])
VALUES (29,'user29','family29','002');
INSERT INTO [dbo].[Teacher] ([TeacherID],[FName],[LName],[Pass])
VALUES (30,'user30','family30','003');
INSERT INTO [dbo].[Course] ([ID],[Name],[Capacity],[ClassTime],[credit],[prerequisite],[IsAvailable],[Teacherid])
VALUES (1,'course1','100','10:00:00',1,'DS,AD',0,13);
INSERT INTO [dbo].[Course] ([ID],[Name],[Capacity],[ClassTime],[credit],[prerequisite],[IsAvailable],[Teacherid])
VALUES (2,'course2','100','12:00:00',1,'DS,AD',0,12);
INSERT INTO [dbo].[Course] ([ID],[Name],[Capacity],[ClassTime],[credit],[prerequisite],[IsAvailable],[Teacherid])
VALUES (3,'course3','200','13:00:00',2,'DS,AD',0,11);
INSERT INTO [dbo].[Course] ([ID],[Name],[Capacity],[ClassTime],[credit],[prerequisite],[IsAvailable],[Teacherid])
VALUES (4,'course4','100','13:00:00',3,'AD',1,10);
INSERT INTO [dbo].[Course] ([ID],[Name],[Capacity],[ClassTime],[credit],[prerequisite],[IsAvailable],[Teacherid])
VALUES (5,'course5','200','11:00:00',3,'AD',1,9);
INSERT INTO [dbo].[Course] ([ID],[Name],[Capacity],[ClassTime],[credit],[prerequisite],[IsAvailable],[Teacherid])
VALUES (6,'course6','100','10:00:00',3,'AD',1,8);
INSERT INTO [dbo].[Course] ([ID],[Name],[Capacity],[ClassTime],[credit],[prerequisite],[IsAvailable],[Teacherid])
VALUES (7,'course7','200','08:00:00',3,'AD',1,7);
INSERT INTO [dbo].[Course] ([ID],[Name],[Capacity],[ClassTime],[credit],[prerequisite],[IsAvailable],[Teacherid])
VALUES (8,'course8','300','19:00:00',2,'AD',1,6);
INSERT INTO [dbo].[Course] ([ID],[Name],[Capacity],[ClassTime],[credit],[prerequisite],[IsAvailable],[Teacherid])
VALUES (9,'course9','300','18:00:00',2,'DS',1,5);
INSERT INTO [dbo].[Course] ([ID],[Name],[Capacity],[ClassTime],[credit],[prerequisite],[IsAvailable],[Teacherid])
VALUES (10,'course10','100','17:00:00',2,'DS',1,4);
INSERT INTO [dbo].[Course] ([ID],[Name],[Capacity],[ClassTime],[credit],[prerequisite],[IsAvailable],[Teacherid])
VALUES (11,'course11','200','16:00:00',2,'DS',1,3);
INSERT INTO [dbo].[Course] ([ID],[Name],[Capacity],[ClassTime],[credit],[prerequisite],[IsAvailable],[Teacherid])
VALUES (12,'course12','200','15:00:00',1,'DS,AD',1,14);
INSERT INTO [dbo].[Course] ([ID],[Name],[Capacity],[ClassTime],[credit],[prerequisite],[IsAvailable],[Teacherid])
VALUES (13,'course13','100','14:00:00',1,'DS',1,15);
INSERT INTO [dbo].[Course] ([ID],[Name],[Capacity],[ClassTime],[credit],[prerequisite],[IsAvailable],[Teacherid])
VALUES (14,'course14','10','13:00:00',3,'DS,AD',1,2);
INSERT INTO [dbo].[Course] ([ID],[Name],[Capacity],[ClassTime],[credit],[prerequisite],[IsAvailable],[Teacherid])
VALUES (15,'course15','10','13:00:00',1,'DS,AD',0,16);
INSERT INTO [dbo].[Course] ([ID],[Name],[Capacity],[ClassTime],[credit],[prerequisite],[IsAvailable],[Teacherid])
VALUES (16,'course16','20','13:00:00',1,'DS,AD',0,17);
INSERT INTO [dbo].[Course] ([ID],[Name],[Capacity],[ClassTime],[credit],[prerequisite],[IsAvailable],[Teacherid])
VALUES (17,'course17','20','13:00:00',1,'DS,AD',0,18);
INSERT INTO [dbo].[Course] ([ID],[Name],[Capacity],[ClassTime],[credit],[prerequisite],[IsAvailable],[Teacherid])
VALUES (18,'course18','30','13:00:00',1,'DS,AD',0,19);
INSERT INTO [dbo].[Course] ([ID],[Name],[Capacity],[ClassTime],[credit],[prerequisite],[IsAvailable],[Teacherid])
VALUES (19,'course19','30','13:00:00',1,'FCP,AD',1,20);
INSERT INTO [dbo].[Course] ([ID],[Name],[Capacity],[ClassTime],[credit],[prerequisite],[IsAvailable],[Teacherid])
VALUES (20,'course20','40','13:00:00',1,'FCP',0,21);
INSERT INTO [dbo].[Course] ([ID],[Name],[Capacity],[ClassTime],[credit],[prerequisite],[IsAvailable],[Teacherid])
VALUES (21,'course21','40','13:00:00',2,'FCP',1,22);
INSERT INTO [dbo].[Course] ([ID],[Name],[credit])
VALUES (22,'course22',3);
INSERT INTO [dbo].[Course] ([ID],[Name],[credit])
VALUES (23,'course23',3);
INSERT INTO [dbo].[Course] ([ID],[Name],[credit])
VALUES (24,'course24',3);
INSERT INTO [dbo].[Course] ([ID],[Name],[credit])
VALUES (25,'course25',3);
INSERT INTO [dbo].[Course] ([ID],[Name],[credit])
VALUES (26,'course26',3);
INSERT INTO [dbo].[TakeCourse] ([ID],[AddDropTime],[AddCondition])
VALUES (1,'20220618 10:34:09 AM','condition1');
INSERT INTO [dbo].[TakeCourse] ([ID],[AddDropTime],[AddCondition])
VALUES (2,'20220618 10:34:09 AM','condition1');
INSERT INTO [dbo].[TakeCourse] ([ID],[AddDropTime],[AddCondition])
VALUES (3,'20210618 10:34:09 AM','condition1');
INSERT INTO [dbo].[TakeCourse] ([ID],[AddDropTime],[AddCondition])
VALUES (4,'20230618 10:34:09 AM','condition1');
INSERT INTO [dbo].[TakeCourse] ([ID],[AddDropTime],[AddCondition])
VALUES (5,'20210618 10:34:09 AM','condition1');
INSERT INTO [dbo].[TakeCourse] ([ID],[AddDropTime],[AddCondition])
VALUES (6,'20200618 10:34:09 AM','condition1');
INSERT INTO [dbo].[TakeCourse] ([ID],[AddDropTime],[AddCondition])
VALUES (7,'20220618 10:34:09 AM','condition1');
INSERT INTO [dbo].[TakeCourse] ([ID],[AddDropTime],[AddCondition])
VALUES (8,'20210618 10:34:09 AM','condition1');
INSERT INTO [dbo].[TakeCourse] ([ID],[AddDropTime],[AddCondition])
VALUES (9,'20200618 10:34:09 AM','condition1');
INSERT INTO [dbo].[TakeCourse] ([ID],[AddDropTime],[AddCondition])
VALUES (10,'20200618 10:34:09 AM','condition11');
INSERT INTO [dbo].[TakeCourse] ([ID],[AddDropTime],[AddCondition])
VALUES (11,'20210618 10:34:09 AM','condition10');
INSERT INTO [dbo].[TakeCourse] ([ID],[AddDropTime],[AddCondition])
VALUES (12,'20220618 10:34:09 AM','condition9');
INSERT INTO [dbo].[TakeCourse] ([ID],[AddDropTime],[AddCondition])
VALUES (13,'20120618 10:34:09 AM','condition8');
INSERT INTO [dbo].[TakeCourse] ([ID],[AddDropTime],[AddCondition])
VALUES (14,'20120618 10:34:09 AM','condition1');
INSERT INTO [dbo].[TakeCourse] ([ID],[AddDropTime],[AddCondition])
VALUES (15,'20120618 10:34:09 AM','condition1');
INSERT INTO [dbo].[TakeCourse] ([ID],[AddDropTime],[AddCondition])
VALUES (16,'20120618 10:34:09 AM','condition1');
INSERT INTO [dbo].[TakeCourse] ([ID],[AddDropTime],[AddCondition])
VALUES (17,'20180618 10:34:09 AM','condition2');
INSERT INTO [dbo].[TakeCourse] ([ID],[AddDropTime],[AddCondition])
VALUES (18,'20170618 10:34:09 AM','condition3');
INSERT INTO [dbo].[TakeCourse] ([ID],[AddDropTime],[AddCondition])
VALUES (19,'20160618 10:34:09 AM','condition4');
INSERT INTO [dbo].[TakeCourse] ([ID],[AddDropTime],[AddCondition])
VALUES (20,'20150618 10:34:09 AM','condition5');
INSERT INTO [dbo].[TakeCourse] ([ID],[AddDropTime],[AddCondition])
VALUES (21,'20130618 10:34:09 AM','condition6');
INSERT INTO [dbo].[TakeCourse] ([ID],[AddDropTime],[AddCondition])
VALUES (22,'20140618 10:34:09 AM','condition7');
INSERT INTO [dbo].[Advisor] ([ID],[TeacherID])
VALUES (1,1);
INSERT INTO [dbo].[Advisor] ([ID],[TeacherID])
VALUES (2,2);
INSERT INTO [dbo].[Advisor] ([ID],[TeacherID])
VALUES (3,3);
INSERT INTO [dbo].[Advisor] ([ID],[TeacherID])
VALUES (4,4);
INSERT INTO [dbo].[Advisor] ([ID],[TeacherID])
VALUES (5,5);
INSERT INTO [dbo].[Advisor] ([ID],[TeacherID])
VALUES (6,6);
INSERT INTO [dbo].[Advisor] ([ID],[TeacherID])
VALUES (7,7);
INSERT INTO [dbo].[Advisor] ([ID],[TeacherID])
VALUES (8,8);
INSERT INTO [dbo].[Advisor] ([ID],[TeacherID])
VALUES (9,9);
INSERT INTO [dbo].[Advisor] ([ID],[TeacherID])
VALUES (10,10);
INSERT INTO [dbo].[Advisor] ([ID],[TeacherID])
VALUES (11,11);
INSERT INTO [dbo].[Advisor] ([ID],[TeacherID])
VALUES (12,20);
INSERT INTO [dbo].[Advisor] ([ID],[TeacherID])
VALUES (13,1);
INSERT INTO [dbo].[Advisor] ([ID],[TeacherID])
VALUES (14,22);
INSERT INTO [dbo].[Student] ([StudentNumber],[FName],[LName],[Ssn],[EntranceYear],[FatherName],[City],[GPA],[Pass],[BirthYear],[MobilePhone],[Sex],[Major],[IsMarried],[TakeCourseID],[AdvisorID])
VALUES ('01000001','student1','family1','0441841188',1400,'name9','shiraz','19.2','321','1380','09121221111','زن','برق',0,1,1);
INSERT INTO [dbo].[Student] ([StudentNumber],[FName],[LName],[Ssn],[EntranceYear],[FatherName],[City],[GPA],[Pass],[BirthYear],[MobilePhone],[Sex],[Major],[IsMarried],[TakeCourseID],[AdvisorID])
VALUES ('01000002','student2','family1','0441842288',1401,'name9','boosh','19.2','321','1380','09121333111','زن','برق',1,1,2);
INSERT INTO [dbo].[Student] ([StudentNumber],[FName],[LName],[Ssn],[EntranceYear],[FatherName],[City],[GPA],[Pass],[BirthYear],[MobilePhone],[Sex],[Major],[IsMarried],[TakeCourseID],[AdvisorID])
VALUES ('01000003','student3','family1','0441848888',1401,'name9','ghom','19.3','321','1380','09121110011','مرد','ریاضی',0,1,3);
INSERT INTO [dbo].[Student] ([StudentNumber],[FName],[LName],[Ssn],[EntranceYear],[FatherName],[City],[GPA],[Pass],[BirthYear],[MobilePhone],[Sex],[Major],[IsMarried],[TakeCourseID],[AdvisorID])
VALUES ('01000004','student4','family1','0441848888',1401,'name9','shiraz','19.4','321','1380','09121991111','زن','کامپیوتر',1,3,4);
INSERT INTO [dbo].[Student] ([StudentNumber],[FName],[LName],[Ssn],[EntranceYear],[FatherName],[City],[GPA],[Pass],[BirthYear],[MobilePhone],[Sex],[Major],[IsMarried],[TakeCourseID],[AdvisorID])
VALUES ('01000005','student5','family1','0441848888',1400,'name9','shiraz','19.5','321','1380','09128811111','مرد','کامپیوتر',1,2,5);
INSERT INTO [dbo].[Student] ([StudentNumber],[FName],[LName],[Ssn],[EntranceYear],[FatherName],[City],[GPA],[Pass],[BirthYear],[MobilePhone],[Sex],[Major],[IsMarried],[TakeCourseID],[AdvisorID])
VALUES ('01000006','student6','family1','0441843388',1400,'name9','tabr','19.6','321','1380','09121771111','مرد','کامپیوتر',1,1,6);
INSERT INTO [dbo].[Student] ([StudentNumber],[FName],[LName],[Ssn],[EntranceYear],[FatherName],[City],[GPA],[Pass],[BirthYear],[MobilePhone],[Sex],[Major],[IsMarried],[TakeCourseID],[AdvisorID])
VALUES ('01000007','student7','family11','0441848888',1399,'name9','tabr','19.7','321','1380','09121111661','زن','کامپیوتر',0,10,7);
INSERT INTO [dbo].[Student] ([StudentNumber],[FName],[LName],[Ssn],[EntranceYear],[FatherName],[City],[GPA],[Pass],[BirthYear],[MobilePhone],[Sex],[Major],[IsMarried],[TakeCourseID],[AdvisorID])
VALUES ('01000008','student8','family12','0441848888',1399,'name9','teh','19.8','341','1380','09121111155','زن','مکانیک',1,9,8);
INSERT INTO [dbo].[Student] ([StudentNumber],[FName],[LName],[Ssn],[EntranceYear],[FatherName],[City],[GPA],[Pass],[BirthYear],[MobilePhone],[Sex],[Major],[IsMarried],[TakeCourseID],[AdvisorID])
VALUES ('01000009','student9','family13','0441848888',1400,'name9','shiraz','19.9','331','1381','09121144111','مرد','مکانیک',1,8,9);
INSERT INTO [dbo].[Student] ([StudentNumber],[FName],[LName],[Ssn],[EntranceYear],[FatherName],[City],[GPA],[Pass],[BirthYear],[MobilePhone],[Sex],[Major],[IsMarried],[TakeCourseID],[AdvisorID])
VALUES ('01000010','student10','family11','0441848888',1398,'name9','ghom','18.2','311','1381','09121113311','مرد','مکانیک',0,7,10);
INSERT INTO [dbo].[Student] ([StudentNumber],[FName],[LName],[Ssn],[EntranceYear],[FatherName],[City],[GPA],[Pass],[BirthYear],[MobilePhone],[Sex],[Major],[IsMarried],[TakeCourseID],[AdvisorID])
VALUES ('01000011','student11','family12','0441849888',1398,'name9','ghom','18.3','320','1381','09121112211','مرد','کامپیوتر',0,6,11);
INSERT INTO [dbo].[Student] ([StudentNumber],[FName],[LName],[Ssn],[EntranceYear],[FatherName],[City],[GPA],[Pass],[BirthYear],[MobilePhone],[Sex],[Major],[IsMarried],[TakeCourseID],[AdvisorID])
VALUES ('01000012','student12','family1','0441848988',1400,'name9','kish','19.4','321','1381','09121111111','زن','کامپیوتر',0,5,1);
INSERT INTO [dbo].[Student] ([StudentNumber],[FName],[LName],[Ssn],[EntranceYear],[FatherName],[City],[GPA],[Pass],[BirthYear],[MobilePhone],[Sex],[Major],[IsMarried],[TakeCourseID],[AdvisorID])
VALUES ('01000013','student13','family9','0441848898',1401,'name9','kish','19.5','321','1381','09121111111','مرد','کامپیوتر',0,4,1);
INSERT INTO [dbo].[Student] ([StudentNumber],[FName],[LName],[Ssn],[EntranceYear],[FatherName],[City],[GPA],[Pass],[BirthYear],[MobilePhone],[Sex],[Major],[IsMarried],[TakeCourseID],[AdvisorID])
VALUES ('01000014','student14','family9','0441848889',1401,'name9','teh','19.6','321','1381','09121111111','زن','کامپیوتر',0,3,12);
INSERT INTO [dbo].[Student] ([StudentNumber],[FName],[LName],[Ssn],[EntranceYear],[FatherName],[City],[GPA],[Pass],[BirthYear],[MobilePhone],[Sex],[Major],[IsMarried],[TakeCourseID],[AdvisorID])
VALUES ('01000015','student15','family7','0441841888',1401,'name9','teh','19.7','321','1381','09121111111','زن','عمران',1,2,2);
INSERT INTO [dbo].[Student] ([StudentNumber],[FName],[LName],[Ssn],[EntranceYear],[FatherName],[City],[GPA],[Pass],[BirthYear],[MobilePhone],[Sex],[Major],[IsMarried],[TakeCourseID],[AdvisorID])
VALUES ('01000016','student16','family7','0441848188',1400,'name9','shiraz','18.2','321','1381','09121113141','زن','عمران',1,1,3);
INSERT INTO [dbo].[Student] ([StudentNumber],[FName],[LName],[Ssn],[EntranceYear],[FatherName],[City],[GPA],[Pass],[BirthYear],[MobilePhone],[Sex],[Major],[IsMarried],[TakeCourseID],[AdvisorID])
VALUES ('01000017','student17','family6','0441848818',1400,'name9','shiraz','17.2','321','1381','09121111311','زن','کامپیوتر',1,10,4);
INSERT INTO [dbo].[Student] ([StudentNumber],[FName],[LName],[Ssn],[EntranceYear],[FatherName],[City],[GPA],[Pass],[BirthYear],[MobilePhone],[Sex],[Major],[IsMarried],[TakeCourseID],[AdvisorID])
VALUES ('01000018','student18','family6','0441848881',1400,'name9','shiraz','16.2','321','1381','09121112111','زن','عمران',1,9,5);
INSERT INTO [dbo].[Student] ([StudentNumber],[FName],[LName],[Ssn],[EntranceYear],[FatherName],[City],[GPA],[Pass],[BirthYear],[MobilePhone],[Sex],[Major],[IsMarried],[TakeCourseID],[AdvisorID])
VALUES ('01000019','student19','family16','0441842888',1400,'name9','shiraz','15.2','321','1381','09121211111','زن','فیزیک',0,8,3);
INSERT INTO [dbo].[Student] ([StudentNumber],[FName],[LName],[Ssn],[EntranceYear],[FatherName],[City],[GPA],[Pass],[BirthYear],[MobilePhone],[Sex],[Major],[IsMarried],[TakeCourseID],[AdvisorID])
VALUES ('01000020','student20','family15','0441848288',1400,'name9','shiraz','14.2','322','1381','09121131111','زن','کامپیوتر',0,7,2);
INSERT INTO [dbo].[Student] ([StudentNumber],[FName],[LName],[Ssn],[EntranceYear],[FatherName],[City],[GPA],[Pass],[BirthYear],[MobilePhone],[Sex],[Major],[IsMarried],[TakeCourseID],[AdvisorID])
VALUES ('01000021','student21','family3','0441840082',1400,'name9','shiraz','14.2','323','1380','09121111111','زن','کامپیوتر',0,6,1);
INSERT INTO [dbo].[Student] ([StudentNumber],[FName],[LName],[Ssn],[EntranceYear],[FatherName],[City],[GPA],[Pass],[BirthYear],[MobilePhone],[Sex],[Major],[IsMarried],[TakeCourseID],[AdvisorID])
VALUES ('01000022','student22','family3','0441849988',1400,'name9','shiraz','13.2','324','1380','09121111111','زن','کامپیوتر',0,5,4);
INSERT INTO [dbo].[Student] ([StudentNumber],[FName],[LName],[Ssn],[EntranceYear],[FatherName],[City],[GPA],[Pass],[BirthYear],[MobilePhone],[Sex],[Major],[IsMarried],[TakeCourseID],[AdvisorID])
VALUES ('01000023','student23','family4','0441847788',1400,'name9','shiraz','12.2','325','1380','09121111111','زن','فیزیک',0,4,5);
INSERT INTO [dbo].[Student] ([StudentNumber],[FName],[LName],[Ssn],[EntranceYear],[FatherName],[City],[GPA],[Pass],[BirthYear],[MobilePhone],[Sex],[Major],[IsMarried],[TakeCourseID],[AdvisorID])
VALUES ('01000024','student24','family3','0441846688',1400,'name9','shiraz','11.2','326','1380','09121111111','مرد','کامپیوتر',0,3,6);
INSERT INTO [dbo].[Student] ([StudentNumber],[FName],[LName],[Ssn],[EntranceYear],[FatherName],[City],[GPA],[Pass],[BirthYear],[MobilePhone],[Sex],[Major],[IsMarried],[TakeCourseID],[AdvisorID])
VALUES ('01000025','student25','family2','0441845588',1400,'name9','shiraz','19.2','327','1380','09121111111','مرد','مواد',0,2,7);
INSERT INTO [dbo].[Student] ([StudentNumber],[FName],[LName],[Ssn],[EntranceYear],[FatherName],[City],[GPA],[Pass],[BirthYear],[MobilePhone],[Sex],[Major],[IsMarried],[TakeCourseID],[AdvisorID])
VALUES ('01000026','student26','family2','0441844488',1400,'name9','shiraz','10.2','328','1380','09121111111','مرد','مواد',0,1,8);
INSERT INTO [dbo].[Student] ([StudentNumber],[FName],[LName],[EntranceYear],[Pass])
VALUES ('01000027','student27','family1',1400,'3216');
INSERT INTO [dbo].[Student] ([StudentNumber],[FName],[LName],[EntranceYear],[Pass])
VALUES ('01000028','student28','family1',1401,'3215');
INSERT INTO [dbo].[Student] ([StudentNumber],[FName],[LName],[EntranceYear],[Pass])
VALUES ('01000029','student29','family1',1401,'3214');
INSERT INTO [dbo].[College] ([ID],[Name])
VALUES (1,'college1');
INSERT INTO [dbo].[College] ([ID],[Name])
VALUES (2,'college2');
INSERT INTO [dbo].[College] ([ID],[Name])
VALUES (3,'college3');
INSERT INTO [dbo].[College] ([ID],[Name])
VALUES (4,'college4');
INSERT INTO [dbo].[College] ([ID],[Name])
VALUES (5,'college5');
INSERT INTO [dbo].[College] ([ID],[Name])
VALUES (6,'college6');
INSERT INTO [dbo].[College] ([ID],[Name])
VALUES (7,'college7');
INSERT INTO [dbo].[College] ([ID],[Name])
VALUES (8,'college8');
INSERT INTO [dbo].[College] ([ID],[Name])
VALUES (9,'college9');
INSERT INTO [dbo].[College] ([ID],[Name])
VALUES (10,'college10');
INSERT INTO [dbo].[College] ([ID],[Name])
VALUES (11,'college11');
INSERT INTO [dbo].[College] ([ID],[Name])
VALUES (12,'college12');
INSERT INTO [dbo].[College] ([ID],[Name])
VALUES (13,'college13');
INSERT INTO [dbo].[College] ([ID],[Name])
VALUES (14,'college14');
INSERT INTO [dbo].[College] ([ID],[Name])
VALUES (15,'college15');
INSERT INTO [dbo].[Department] ([ID],[Name],[CollegeID])
VALUES (1,'Department1',1);
INSERT INTO [dbo].[Department] ([ID],[Name],[CollegeID])
VALUES (2,'Department2',2);
INSERT INTO [dbo].[Department] ([ID],[Name],[CollegeID])
VALUES (3,'Department3',3);
INSERT INTO [dbo].[Department] ([ID],[Name],[CollegeID])
VALUES (4,'Department4',4);
INSERT INTO [dbo].[Department] ([ID],[Name],[CollegeID])
VALUES (5,'Department5',5);
INSERT INTO [dbo].[Department] ([ID],[Name],[CollegeID])
VALUES (6,'Department6',6);
INSERT INTO [dbo].[Department] ([ID],[Name],[CollegeID])
VALUES (7,'Department7',7);
INSERT INTO [dbo].[Department] ([ID],[Name],[CollegeID])
VALUES (8,'Department8',8);
INSERT INTO [dbo].[Department] ([ID],[Name],[CollegeID])
VALUES (9,'Department9',9);
INSERT INTO [dbo].[Department] ([ID],[Name],[CollegeID])
VALUES (10,'Department10',10);
INSERT INTO [dbo].[Department] ([ID],[Name],[CollegeID])
VALUES (11,'Department11',11);
INSERT INTO [dbo].[Department] ([ID],[Name],[CollegeID])
VALUES (12,'Department12',12);
INSERT INTO [dbo].[Department] ([ID],[Name],[CollegeID])
VALUES (13,'Department13',13);
INSERT INTO [dbo].[Department] ([ID],[Name],[CollegeID])
VALUES (14,'Department14',14);
INSERT INTO [dbo].[Department] ([ID],[Name],[CollegeID])
VALUES (15,'Department15',15);
INSERT INTO [dbo].[Department] ([ID],[Name],[CollegeID])
VALUES (16,'Department16',1);
INSERT INTO [dbo].[Department] ([ID],[Name],[CollegeID])
VALUES (17,'Department17',12);
INSERT INTO [dbo].[Department] ([ID],[Name],[CollegeID])
VALUES (18,'Department18',13);
INSERT INTO [dbo].[Department] ([ID],[Name],[CollegeID])
VALUES (19,'Department19',14);
INSERT INTO [dbo].[Department] ([ID],[Name],[CollegeID])
VALUES (20,'Department20',15);
INSERT INTO [dbo].[Department] ([ID],[Name],[CollegeID])
VALUES (21,'Department21',2);
INSERT INTO [dbo].[Department] ([ID],[Name],[CollegeID])
VALUES (22,'Department22',3);
INSERT INTO [dbo].[Teacher_Department] ([ID],[TeacherID],[DepartmentID])
VALUES (1,18,1);
INSERT INTO [dbo].[Teacher_Department] ([ID],[TeacherID],[DepartmentID])
VALUES (2,17,2);
INSERT INTO [dbo].[Teacher_Department] ([ID],[TeacherID],[DepartmentID])
VALUES (3,16,3);
INSERT INTO [dbo].[Teacher_Department] ([ID],[TeacherID],[DepartmentID])
VALUES (4,15,4);
INSERT INTO [dbo].[Teacher_Department] ([ID],[TeacherID],[DepartmentID])
VALUES (5,14,5);
INSERT INTO [dbo].[Teacher_Department] ([ID],[TeacherID],[DepartmentID])
VALUES (6,13,6);
INSERT INTO [dbo].[Teacher_Department] ([ID],[TeacherID],[DepartmentID])
VALUES (7,12,7);
INSERT INTO [dbo].[Teacher_Department] ([ID],[TeacherID],[DepartmentID])
VALUES (8,11,7);
INSERT INTO [dbo].[Teacher_Department] ([ID],[TeacherID],[DepartmentID])
VALUES (9,10,7);
INSERT INTO [dbo].[Teacher_Department] ([ID],[TeacherID],[DepartmentID])
VALUES (10,9,8);
INSERT INTO [dbo].[Teacher_Department] ([ID],[TeacherID],[DepartmentID])
VALUES (11,8,9);
INSERT INTO [dbo].[Teacher_Department] ([ID],[TeacherID],[DepartmentID])
VALUES (12,7,10);
INSERT INTO [dbo].[Teacher_Department] ([ID],[TeacherID],[DepartmentID])
VALUES (13,6,11);
INSERT INTO [dbo].[Teacher_Department] ([ID],[TeacherID],[DepartmentID])
VALUES (14,5,12);
INSERT INTO [dbo].[Teacher_Department] ([ID],[TeacherID],[DepartmentID])
VALUES (15,4,13);
INSERT INTO [dbo].[Teacher_Department] ([ID],[TeacherID],[DepartmentID])
VALUES (16,3,14);
INSERT INTO [dbo].[Teacher_Department] ([ID],[TeacherID],[DepartmentID])
VALUES (17,2,15);
INSERT INTO [dbo].[Teacher_Department] ([ID],[TeacherID],[DepartmentID])
VALUES (18,1,16);
INSERT INTO [dbo].[Teacher_Department] ([ID],[TeacherID],[DepartmentID])
VALUES (19,9,17);
INSERT INTO [dbo].[Teacher_Department] ([ID],[TeacherID],[DepartmentID])
VALUES (20,8,18);
INSERT INTO [dbo].[Teacher_Department] ([ID],[TeacherID],[DepartmentID])
VALUES (21,7,19);
INSERT INTO [dbo].[Teacher_Department] ([ID],[TeacherID],[DepartmentID])
VALUES (22,6,20);
INSERT INTO [dbo].[Teacher_Department] ([ID],[TeacherID],[DepartmentID])
VALUES (23,5,1);
INSERT INTO [dbo].[Teacher_Department] ([ID],[TeacherID],[DepartmentID])
VALUES (24,4,2);
INSERT INTO [dbo].[Teacher_Department] ([ID],[TeacherID],[DepartmentID])
VALUES (25,3,3);
INSERT INTO [dbo].[Teacher_Department] ([ID],[TeacherID],[DepartmentID])
VALUES (26,2,4);
INSERT INTO [dbo].[Teacher_Department] ([ID],[TeacherID],[DepartmentID])
VALUES (27,1,5);
INSERT INTO [dbo].[Teacher_Department] ([ID],[TeacherID],[DepartmentID])
VALUES (28,9,6);
INSERT INTO [dbo].[Teacher_Department] ([ID],[TeacherID],[DepartmentID])
VALUES (29,8,1);
INSERT INTO [dbo].[Teacher_Department] ([ID],[TeacherID],[DepartmentID])
VALUES (30,7,7);
INSERT INTO [dbo].[Teacher_Department] ([ID],[TeacherID],[DepartmentID])
VALUES (31,6,8);
INSERT INTO [dbo].[Teacher_Department] ([ID],[TeacherID],[DepartmentID])
VALUES (32,5,8);
INSERT INTO [dbo].[Teacher_Department] ([ID],[TeacherID],[DepartmentID])
VALUES (33,4,9);
INSERT INTO [dbo].[Teacher_Department] ([ID],[TeacherID],[DepartmentID])
VALUES (34,3,10);
INSERT INTO [dbo].[Teacher_Department] ([ID],[TeacherID],[DepartmentID])
VALUES (35,2,11);
INSERT INTO [dbo].[Teacher_Department] ([ID],[TeacherID],[DepartmentID])
VALUES (36,1,1);
INSERT INTO [dbo].[Student_College] ([ID],[CollegeID],[StudentNumber])
VALUES (1,1,'01000001');
INSERT INTO [dbo].[Student_College] ([ID],[CollegeID],[StudentNumber])
VALUES (2,2,'01000002');
INSERT INTO [dbo].[Student_College] ([ID],[CollegeID],[StudentNumber])
VALUES (3,3,'01000003');
INSERT INTO [dbo].[Student_College] ([ID],[CollegeID],[StudentNumber])
VALUES (4,4,'01000004');
INSERT INTO [dbo].[Student_College] ([ID],[CollegeID],[StudentNumber])
VALUES (5,5,'01000005');
INSERT INTO [dbo].[Student_College] ([ID],[CollegeID],[StudentNumber])
VALUES (6,6,'01000006');
INSERT INTO [dbo].[Student_College] ([ID],[CollegeID],[StudentNumber])
VALUES (7,7,'01000007');
INSERT INTO [dbo].[Student_College] ([ID],[CollegeID],[StudentNumber])
VALUES (8,8,'01000008');
INSERT INTO [dbo].[Student_College] ([ID],[CollegeID],[StudentNumber])
VALUES (9,9,'01000009');
INSERT INTO [dbo].[Student_College] ([ID],[CollegeID],[StudentNumber])
VALUES (10,10,'01000010');
INSERT INTO [dbo].[Student_College] ([ID],[CollegeID],[StudentNumber])
VALUES (11,11,'01000011');
INSERT INTO [dbo].[Student_College] ([ID],[CollegeID],[StudentNumber])
VALUES (12,12,'01000012');
INSERT INTO [dbo].[Student_College] ([ID],[CollegeID],[StudentNumber])
VALUES (13,13,'01000013');
INSERT INTO [dbo].[Student_College] ([ID],[CollegeID],[StudentNumber])
VALUES (14,14,'01000014');
INSERT INTO [dbo].[Student_College] ([ID],[CollegeID],[StudentNumber])
VALUES (15,15,'01000015');
INSERT INTO [dbo].[Student_College] ([ID],[CollegeID],[StudentNumber])
VALUES (16,1,'01000016');
INSERT INTO [dbo].[Student_College] ([ID],[CollegeID],[StudentNumber])
VALUES (17,2,'01000017');
INSERT INTO [dbo].[Student_College] ([ID],[CollegeID],[StudentNumber])
VALUES (18,3,'01000018');
INSERT INTO [dbo].[Student_College] ([ID],[CollegeID],[StudentNumber])
VALUES (19,4,'01000019');
INSERT INTO [dbo].[Student_College] ([ID],[CollegeID],[StudentNumber])
VALUES (20,5,'01000020');
INSERT INTO [dbo].[Student_College] ([ID],[CollegeID],[StudentNumber])
VALUES (21,6,'01000021');
INSERT INTO [dbo].[Student_College] ([ID],[CollegeID],[StudentNumber])
VALUES (22,7,'01000022');
INSERT INTO [dbo].[Student_College] ([ID],[CollegeID],[StudentNumber])
VALUES (23,8,'01000023');
INSERT INTO [dbo].[Student_College] ([ID],[CollegeID],[StudentNumber])
VALUES (24,9,'01000024');
INSERT INTO [dbo].[Student_College] ([ID],[CollegeID],[StudentNumber])
VALUES (25,10,'01000025');
INSERT INTO [dbo].[Student_College] ([ID],[CollegeID],[StudentNumber])
VALUES (26,11,'01000026');
INSERT INTO [dbo].[Student_College] ([ID],[CollegeID],[StudentNumber])
VALUES (27,12,'01000027');
INSERT INTO [dbo].[Student_College] ([ID],[CollegeID],[StudentNumber])
VALUES (28,13,'01000028');
INSERT INTO [dbo].[Student_College] ([ID],[CollegeID],[StudentNumber])
VALUES (29,14,'01000029');
INSERT INTO [dbo].[Student_College] ([ID],[CollegeID],[StudentNumber])
VALUES (30,15,'01000001');
INSERT INTO [dbo].[Student_College] ([ID],[CollegeID],[StudentNumber])
VALUES (31,1,'01000002');
INSERT INTO [dbo].[Student_College] ([ID],[CollegeID],[StudentNumber])
VALUES (32,2,'01000003');
INSERT INTO [dbo].[Student_College] ([ID],[CollegeID],[StudentNumber])
VALUES (33,3,'01000004');
INSERT INTO [dbo].[Student_College] ([ID],[CollegeID],[StudentNumber])
VALUES (34,4,'01000005');
INSERT INTO [dbo].[Student_College] ([ID],[CollegeID],[StudentNumber])
VALUES (35,5,'01000006');
INSERT INTO [dbo].[Consist_Of] ([ID],[CourseID],[TakeCourseID])
VALUES (1,1,13);
INSERT INTO [dbo].[Consist_Of] ([ID],[CourseID],[TakeCourseID])
VALUES (2,2,12);
INSERT INTO [dbo].[Consist_Of] ([ID],[CourseID],[TakeCourseID])
VALUES (3,3,11);
INSERT INTO [dbo].[Consist_Of] ([ID],[CourseID],[TakeCourseID])
VALUES (4,4,10);
INSERT INTO [dbo].[Consist_Of] ([ID],[CourseID],[TakeCourseID])
VALUES (5,5,9);
INSERT INTO [dbo].[Consist_Of] ([ID],[CourseID],[TakeCourseID])
VALUES (6,6,8);
INSERT INTO [dbo].[Consist_Of] ([ID],[CourseID],[TakeCourseID])
VALUES (7,7,7);
INSERT INTO [dbo].[Consist_Of] ([ID],[CourseID],[TakeCourseID])
VALUES (8,8,6);
INSERT INTO [dbo].[Consist_Of] ([ID],[CourseID],[TakeCourseID])
VALUES (9,9,5);
INSERT INTO [dbo].[Consist_Of] ([ID],[CourseID],[TakeCourseID])
VALUES (10,10,4);
INSERT INTO [dbo].[Consist_Of] ([ID],[CourseID],[TakeCourseID])
VALUES (11,11,3);
INSERT INTO [dbo].[Consist_Of] ([ID],[CourseID],[TakeCourseID])
VALUES (12,12,2);
INSERT INTO [dbo].[Consist_Of] ([ID],[CourseID],[TakeCourseID])
VALUES (13,13,1);
INSERT INTO [dbo].[Consist_Of] ([ID],[CourseID],[TakeCourseID])
VALUES (14,14,20);
INSERT INTO [dbo].[Consist_Of] ([ID],[CourseID],[TakeCourseID])
VALUES (15,15,19);
INSERT INTO [dbo].[Consist_Of] ([ID],[CourseID],[TakeCourseID])
VALUES (16,16,18);
INSERT INTO [dbo].[Consist_Of] ([ID],[CourseID],[TakeCourseID])
VALUES (17,17,17);
INSERT INTO [dbo].[Consist_Of] ([ID],[CourseID],[TakeCourseID])
VALUES (18,18,16);
INSERT INTO [dbo].[Consist_Of] ([ID],[CourseID],[TakeCourseID])
VALUES (19,19,15);
INSERT INTO [dbo].[Consist_Of] ([ID],[CourseID],[TakeCourseID])
VALUES (20,20,14);
INSERT INTO [dbo].[Consist_Of] ([ID],[CourseID],[TakeCourseID])
VALUES (21,1,13);
INSERT INTO [dbo].[Consist_Of] ([ID],[CourseID],[TakeCourseID])
VALUES (22,2,12);
INSERT INTO [dbo].[Consist_Of] ([ID],[CourseID],[TakeCourseID])
VALUES (23,3,11);
INSERT INTO [dbo].[Consist_Of] ([ID],[CourseID],[TakeCourseID])
VALUES (24,4,10);
INSERT INTO [dbo].[Consist_Of] ([ID],[CourseID],[TakeCourseID])
VALUES (25,5,9);
INSERT INTO [dbo].[Consist_Of] ([ID],[CourseID],[TakeCourseID])
VALUES (26,6,8);
INSERT INTO [dbo].[Consist_Of] ([ID],[CourseID],[TakeCourseID])
VALUES (27,7,7);
INSERT INTO [dbo].[Consist_Of] ([ID],[CourseID],[TakeCourseID])
VALUES (28,8,7);
INSERT INTO [dbo].[Consist_Of] ([ID],[CourseID],[TakeCourseID])
VALUES (29,9,6);
INSERT INTO [dbo].[Consist_Of] ([ID],[CourseID],[TakeCourseID])
VALUES (30,10,5);
INSERT INTO [dbo].[Consist_Of] ([ID],[CourseID],[TakeCourseID])
VALUES (31,11,4);
INSERT INTO [dbo].[Consist_Of] ([ID],[CourseID],[TakeCourseID])
VALUES (32,12,3);
INSERT INTO [dbo].[Consist_Of] ([ID],[CourseID],[TakeCourseID])
VALUES (33,13,2);
INSERT INTO [dbo].[Consist_Of] ([ID],[CourseID],[TakeCourseID])
VALUES (34,14,1);